{
  "meta": {
    "device": "cuda",
    "dtype": "bfloat16",
    "torch_version": "2.9.1+cu128",
    "cuda": "12.8",
    "gpu_name": "NVIDIA GeForce RTX 5070 Ti Laptop GPU",
    "time_unix": 1766977303.6494186
  },
  "params": {
    "batch_size": 2,
    "prompt_len": 512,
    "max_new_tokens": 128,
    "kv_cache": false,
    "prefix_source": "random",
    "n_layer": 12,
    "n_head": 12,
    "n_embd": 768,
    "vocab_size": 50304
  },
  "metrics": {
    "prefill_ms": 8.58781878153483,
    "prefill_ms_per_tok": 0.016773083557685215,
    "decode_total_ms": 1173.1227620442708,
    "decode_ms_per_tok": 9.165021578470865,
    "decode_tok_s": 109.14909108937134,
    "peak_alloc_bytes": 1124774912,
    "peak_reserved_bytes": 1136656384
  }
}