{
  "meta": {
    "device": "cuda",
    "dtype": "bfloat16",
    "torch_version": "2.9.1+cu128",
    "cuda": "12.8",
    "gpu_name": "NVIDIA GeForce RTX 5070 Ti Laptop GPU",
    "time_unix": 1766978375.8378396
  },
  "params": {
    "batch_size": 4,
    "prompt_len": 2048,
    "max_new_tokens": 128,
    "kv_cache": true,
    "prefix_source": "random",
    "n_layer": 12,
    "n_head": 12,
    "n_embd": 768,
    "vocab_size": 50304
  },
  "metrics": {
    "prefill_ms": 500.0194943745931,
    "prefill_ms_per_tok": 0.24415014373759428,
    "decode_total_ms": 4226.967936197917,
    "decode_ms_per_tok": 33.023187001546226,
    "decode_tok_s": 32.036256282575536,
    "peak_alloc_bytes": 3579107840,
    "peak_reserved_bytes": 4968153088
  }
}