{
  "meta": {
    "device": "cuda",
    "dtype": "bfloat16",
    "torch_version": "2.9.1+cu128",
    "cuda": "12.8",
    "gpu_name": "NVIDIA GeForce RTX 5070 Ti Laptop GPU",
    "time_unix": 1766978286.1245737
  },
  "params": {
    "batch_size": 8,
    "prompt_len": 128,
    "max_new_tokens": 128,
    "kv_cache": true,
    "prefix_source": "random",
    "n_layer": 12,
    "n_head": 12,
    "n_embd": 768,
    "vocab_size": 50304
  },
  "metrics": {
    "prefill_ms": 8.525504112243652,
    "prefill_ms_per_tok": 0.06660550087690353,
    "decode_total_ms": 448.4345296223958,
    "decode_ms_per_tok": 3.5033947626749673,
    "decode_tok_s": 285.6518155485641,
    "peak_alloc_bytes": 1123830272,
    "peak_reserved_bytes": 1138753536
  }
}