{
  "meta": {
    "device": "cuda",
    "dtype": "bfloat16",
    "torch_version": "2.9.1+cu128",
    "cuda": "12.8",
    "gpu_name": "NVIDIA GeForce RTX 5070 Ti Laptop GPU",
    "time_unix": 1766978341.7148945
  },
  "params": {
    "batch_size": 8,
    "prompt_len": 1024,
    "max_new_tokens": 128,
    "kv_cache": true,
    "prefix_source": "random",
    "n_layer": 12,
    "n_head": 12,
    "n_embd": 768,
    "vocab_size": 50304
  },
  "metrics": {
    "prefill_ms": 42.79949824015299,
    "prefill_ms_per_tok": 0.04179638500014941,
    "decode_total_ms": 4148.158121744792,
    "decode_ms_per_tok": 32.40748532613119,
    "decode_tok_s": 32.30256002060111,
    "peak_alloc_bytes": 3571787264,
    "peak_reserved_bytes": 4968153088
  }
}