{
  "meta": {
    "device": "cuda",
    "dtype": "bfloat16",
    "torch_version": "2.9.1+cu128",
    "cuda": "12.8",
    "gpu_name": "NVIDIA GeForce RTX 5070 Ti Laptop GPU",
    "time_unix": 1766978266.1537123
  },
  "params": {
    "batch_size": 8,
    "prompt_len": 2048,
    "max_new_tokens": 128,
    "kv_cache": false,
    "prefix_source": "random",
    "n_layer": 12,
    "n_head": 12,
    "n_embd": 768,
    "vocab_size": 50304
  },
  "metrics": {
    "prefill_ms": 756.3057708740234,
    "prefill_ms_per_tok": 0.36928992718458176,
    "decode_total_ms": 197842.30208333334,
    "decode_ms_per_tok": 1545.6429850260417,
    "decode_tok_s": 0.6516850977100134,
    "peak_alloc_bytes": 6380209664,
    "peak_reserved_bytes": 7088373760
  }
}