{
  "meta": {
    "device": "cuda",
    "dtype": "bfloat16",
    "torch_version": "2.9.1+cu128",
    "cuda": "12.8",
    "gpu_name": "NVIDIA GeForce RTX 5070 Ti Laptop GPU",
    "time_unix": 1766978305.2891788
  },
  "params": {
    "batch_size": 8,
    "prompt_len": 512,
    "max_new_tokens": 128,
    "kv_cache": true,
    "prefix_source": "random",
    "n_layer": 12,
    "n_head": 12,
    "n_embd": 768,
    "vocab_size": 50304
  },
  "metrics": {
    "prefill_ms": 22.82493845621745,
    "prefill_ms_per_tok": 0.044579957922299705,
    "decode_total_ms": 790.0170694986979,
    "decode_ms_per_tok": 6.172008355458577,
    "decode_tok_s": 162.08684609502737,
    "peak_alloc_bytes": 2161579520,
    "peak_reserved_bytes": 2891972608
  }
}