{
  "meta": {
    "device": "cuda",
    "dtype": "bfloat16",
    "torch_version": "2.9.1+cu128",
    "cuda": "12.8",
    "gpu_name": "NVIDIA GeForce RTX 5070 Ti Laptop GPU",
    "time_unix": 1766978512.3984487
  },
  "params": {
    "batch_size": 8,
    "prompt_len": 2048,
    "max_new_tokens": 128,
    "kv_cache": true,
    "prefix_source": "random",
    "n_layer": 12,
    "n_head": 12,
    "n_embd": 768,
    "vocab_size": 50304
  },
  "metrics": {
    "prefill_ms": 729.257692972819,
    "prefill_ms_per_tok": 0.35608285789688426,
    "decode_total_ms": 34215.932291666664,
    "decode_ms_per_tok": 267.3119710286458,
    "decode_tok_s": 3.7481696508318265,
    "peak_alloc_bytes": 6380209664,
    "peak_reserved_bytes": 9227468800
  }
}