{
  "meta": {
    "device": "cuda",
    "dtype": "bfloat16",
    "torch_version": "2.9.1+cu128",
    "cuda": "12.8",
    "gpu_name": "NVIDIA GeForce RTX 5070 Ti Laptop GPU",
    "time_unix": 1766977336.9656324
  },
  "params": {
    "batch_size": 1,
    "prompt_len": 1024,
    "max_new_tokens": 128,
    "kv_cache": false,
    "prefix_source": "random",
    "n_layer": 12,
    "n_head": 12,
    "n_embd": 768,
    "vocab_size": 50304
  },
  "metrics": {
    "prefill_ms": 9.246879577636719,
    "prefill_ms_per_tok": 0.009030155837535858,
    "decode_total_ms": 1224.3730875651042,
    "decode_ms_per_tok": 9.565414746602377,
    "decode_tok_s": 104.57127789468443,
    "peak_alloc_bytes": 1129916928,
    "peak_reserved_bytes": 1136656384
  }
}