{
  "meta": {
    "device": "cuda",
    "dtype": "bfloat16",
    "torch_version": "2.9.1+cu128",
    "cuda": "12.8",
    "gpu_name": "NVIDIA GeForce RTX 5070 Ti Laptop GPU",
    "time_unix": 1766978281.7166202
  },
  "params": {
    "batch_size": 4,
    "prompt_len": 128,
    "max_new_tokens": 128,
    "kv_cache": true,
    "prefix_source": "random",
    "n_layer": 12,
    "n_head": 12,
    "n_embd": 768,
    "vocab_size": 50304
  },
  "metrics": {
    "prefill_ms": 5.8574293454488116,
    "prefill_ms_per_tok": 0.04576116676131884,
    "decode_total_ms": 405.61460367838544,
    "decode_ms_per_tok": 3.168864091237386,
    "decode_tok_s": 315.64787164492765,
    "peak_alloc_bytes": 945536512,
    "peak_reserved_bytes": 966787072
  }
}