{
  "meta": {
    "device": "cuda",
    "dtype": "bfloat16",
    "torch_version": "2.9.1+cu128",
    "cuda": "12.8",
    "gpu_name": "NVIDIA GeForce RTX 5070 Ti Laptop GPU",
    "time_unix": 1766977513.7335074
  },
  "params": {
    "batch_size": 4,
    "prompt_len": 2048,
    "max_new_tokens": 128,
    "kv_cache": false,
    "prefix_source": "random",
    "n_layer": 12,
    "n_head": 12,
    "n_embd": 768,
    "vocab_size": 50304
  },
  "metrics": {
    "prefill_ms": 55.79392115275065,
    "prefill_ms_per_tok": 0.027243125562866528,
    "decode_total_ms": 15296.9521484375,
    "decode_ms_per_tok": 119.50743865966797,
    "decode_tok_s": 8.382031702172762,
    "peak_alloc_bytes": 3579435520,
    "peak_reserved_bytes": 3766484992
  }
}