{
  "meta": {
    "device": "cuda",
    "dtype": "bfloat16",
    "torch_version": "2.9.1+cu128",
    "cuda": "12.8",
    "gpu_name": "NVIDIA GeForce RTX 5070 Ti Laptop GPU",
    "time_unix": 1766978277.1884243
  },
  "params": {
    "batch_size": 2,
    "prompt_len": 128,
    "max_new_tokens": 128,
    "kv_cache": true,
    "prefix_source": "random",
    "n_layer": 12,
    "n_head": 12,
    "n_embd": 768,
    "vocab_size": 50304
  },
  "metrics": {
    "prefill_ms": 6.09824005762736,
    "prefill_ms_per_tok": 0.04764250045021375,
    "decode_total_ms": 482.2635192871094,
    "decode_ms_per_tok": 3.767683744430542,
    "decode_tok_s": 265.53814594187935,
    "peak_alloc_bytes": 859273216,
    "peak_reserved_bytes": 895483904
  }
}