{
  "meta": {
    "device": "cuda",
    "dtype": "bfloat16",
    "torch_version": "2.9.1+cu128",
    "cuda": "12.8",
    "gpu_name": "NVIDIA GeForce RTX 5070 Ti Laptop GPU",
    "time_unix": 1766978347.392275
  },
  "params": {
    "batch_size": 1,
    "prompt_len": 2048,
    "max_new_tokens": 128,
    "kv_cache": true,
    "prefix_source": "random",
    "n_layer": 12,
    "n_head": 12,
    "n_embd": 768,
    "vocab_size": 50304
  },
  "metrics": {
    "prefill_ms": 15.11891237894694,
    "prefill_ms_per_tok": 0.007382281435032685,
    "decode_total_ms": 621.8211873372396,
    "decode_ms_per_tok": 4.8579780260721845,
    "decode_tok_s": 205.87704516806457,
    "peak_alloc_bytes": 1481345536,
    "peak_reserved_bytes": 1600126976
  }
}