{
  "meta": {
    "device": "cuda",
    "dtype": "bfloat16",
    "torch_version": "2.9.1+cu128",
    "cuda": "12.8",
    "gpu_name": "NVIDIA GeForce RTX 5070 Ti Laptop GPU",
    "time_unix": 1766977276.7676299
  },
  "params": {
    "batch_size": 2,
    "prompt_len": 128,
    "max_new_tokens": 128,
    "kv_cache": false,
    "prefix_source": "random",
    "n_layer": 12,
    "n_head": 12,
    "n_embd": 768,
    "vocab_size": 50304
  },
  "metrics": {
    "prefill_ms": 4.836426734924316,
    "prefill_ms_per_tok": 0.03778458386659622,
    "decode_total_ms": 620.7162679036459,
    "decode_ms_per_tok": 4.849345842997233,
    "decode_tok_s": 206.72267592546936,
    "peak_alloc_bytes": 859273216,
    "peak_reserved_bytes": 880803840
  }
}