{
  "meta": {
    "device": "cuda",
    "dtype": "bfloat16",
    "torch_version": "2.9.1+cu128",
    "cuda": "12.8",
    "gpu_name": "NVIDIA GeForce RTX 5070 Ti Laptop GPU",
    "time_unix": 1766977421.04631
  },
  "params": {
    "batch_size": 8,
    "prompt_len": 1024,
    "max_new_tokens": 128,
    "kv_cache": false,
    "prefix_source": "random",
    "n_layer": 12,
    "n_head": 12,
    "n_embd": 768,
    "vocab_size": 50304
  },
  "metrics": {
    "prefill_ms": 45.94828796386719,
    "prefill_ms_per_tok": 0.04487137496471405,
    "decode_total_ms": 13913.747721354166,
    "decode_ms_per_tok": 108.70115407307942,
    "decode_tok_s": 9.212059466235162,
    "peak_alloc_bytes": 3572114944,
    "peak_reserved_bytes": 3823108096
  }
}