{
  "meta": {
    "device": "cuda",
    "dtype": "bfloat16",
    "torch_version": "2.9.1+cu128",
    "cuda": "12.8",
    "gpu_name": "NVIDIA GeForce RTX 5070 Ti Laptop GPU",
    "time_unix": 1766977313.6197662
  },
  "params": {
    "batch_size": 4,
    "prompt_len": 512,
    "max_new_tokens": 128,
    "kv_cache": false,
    "prefix_source": "random",
    "n_layer": 12,
    "n_head": 12,
    "n_embd": 768,
    "vocab_size": 50304
  },
  "metrics": {
    "prefill_ms": 15.13371753692627,
    "prefill_ms_per_tok": 0.02955804206430912,
    "decode_total_ms": 1844.6734619140625,
    "decode_ms_per_tok": 14.411511421203613,
    "decode_tok_s": 69.38900885661316,
    "peak_alloc_bytes": 1471949312,
    "peak_reserved_bytes": 1598029824
  }
}