{
  "meta": {
    "device": "cuda",
    "dtype": "bfloat16",
    "torch_version": "2.9.1+cu128",
    "cuda": "12.8",
    "gpu_name": "NVIDIA GeForce RTX 5070 Ti Laptop GPU",
    "time_unix": 1766978353.8463323
  },
  "params": {
    "batch_size": 2,
    "prompt_len": 2048,
    "max_new_tokens": 128,
    "kv_cache": true,
    "prefix_source": "random",
    "n_layer": 12,
    "n_head": 12,
    "n_embd": 768,
    "vocab_size": 50304
  },
  "metrics": {
    "prefill_ms": 29.187925338745117,
    "prefill_ms_per_tok": 0.01425191666930914,
    "decode_total_ms": 869.4219156901041,
    "decode_ms_per_tok": 6.7923587163289385,
    "decode_tok_s": 147.33376464556636,
    "peak_alloc_bytes": 2176951296,
    "peak_reserved_bytes": 2925527040
  }
}