{
  "meta": {
    "device": "cuda",
    "dtype": "bfloat16",
    "torch_version": "2.9.1+cu128",
    "cuda": "12.8",
    "gpu_name": "NVIDIA GeForce RTX 5070 Ti Laptop GPU",
    "time_unix": 1766978290.2087746
  },
  "params": {
    "batch_size": 1,
    "prompt_len": 512,
    "max_new_tokens": 128,
    "kv_cache": true,
    "prefix_source": "random",
    "n_layer": 12,
    "n_head": 12,
    "n_embd": 768,
    "vocab_size": 50304
  },
  "metrics": {
    "prefill_ms": 5.542805353800456,
    "prefill_ms_per_tok": 0.010825791706641516,
    "decode_total_ms": 362.8426920572917,
    "decode_ms_per_tok": 2.8347085316975913,
    "decode_tok_s": 352.7761419329393,
    "peak_alloc_bytes": 945617408,
    "peak_reserved_bytes": 964689920
  }
}