{
  "meta": {
    "device": "cuda",
    "dtype": "bfloat16",
    "torch_version": "2.9.1+cu128",
    "cuda": "12.8",
    "gpu_name": "NVIDIA GeForce RTX 5070 Ti Laptop GPU",
    "time_unix": 1766978321.2574313
  },
  "params": {
    "batch_size": 4,
    "prompt_len": 1024,
    "max_new_tokens": 128,
    "kv_cache": true,
    "prefix_source": "random",
    "n_layer": 12,
    "n_head": 12,
    "n_embd": 768,
    "vocab_size": 50304
  },
  "metrics": {
    "prefill_ms": 24.604075113932293,
    "prefill_ms_per_tok": 0.024027417103449505,
    "decode_total_ms": 828.1886393229166,
    "decode_ms_per_tok": 6.470223744710286,
    "decode_tok_s": 154.56952868821153,
    "peak_alloc_bytes": 2169813504,
    "peak_reserved_bytes": 2925527040
  }
}