{
  "meta": {
    "device": "cuda",
    "dtype": "bfloat16",
    "torch_version": "2.9.1+cu128",
    "cuda": "12.8",
    "gpu_name": "NVIDIA GeForce RTX 5070 Ti Laptop GPU",
    "time_unix": 1766977450.4415636
  },
  "params": {
    "batch_size": 2,
    "prompt_len": 2048,
    "max_new_tokens": 128,
    "kv_cache": false,
    "prefix_source": "random",
    "n_layer": 12,
    "n_head": 12,
    "n_embd": 768,
    "vocab_size": 50304
  },
  "metrics": {
    "prefill_ms": 30.14821434020996,
    "prefill_ms_per_tok": 0.014720807783305645,
    "decode_total_ms": 3752.5738932291665,
    "decode_ms_per_tok": 29.316983540852863,
    "decode_tok_s": 34.1125510302479,
    "peak_alloc_bytes": 2176951296,
    "peak_reserved_bytes": 2348810240
  }
}