{
  "meta": {
    "device": "cuda",
    "dtype": "bfloat16",
    "torch_version": "2.9.1+cu128",
    "cuda": "12.8",
    "gpu_name": "NVIDIA GeForce RTX 5070 Ti Laptop GPU",
    "time_unix": 1766977329.4659228
  },
  "params": {
    "batch_size": 8,
    "prompt_len": 512,
    "max_new_tokens": 128,
    "kv_cache": false,
    "prefix_source": "random",
    "n_layer": 12,
    "n_head": 12,
    "n_embd": 768,
    "vocab_size": 50304
  },
  "metrics": {
    "prefill_ms": 22.973567962646484,
    "prefill_ms_per_tok": 0.044870249927043915,
    "decode_total_ms": 3276.7954915364585,
    "decode_ms_per_tok": 25.599964777628582,
    "decode_tok_s": 39.062648102690105,
    "peak_alloc_bytes": 2161579520,
    "peak_reserved_bytes": 2315255808
  }
}