{
  "meta": {
    "device": "cuda",
    "dtype": "bfloat16",
    "torch_version": "2.9.1+cu128",
    "cuda": "12.8",
    "gpu_name": "NVIDIA GeForce RTX 5070 Ti Laptop GPU",
    "time_unix": 1766978299.379922
  },
  "params": {
    "batch_size": 4,
    "prompt_len": 512,
    "max_new_tokens": 128,
    "kv_cache": true,
    "prefix_source": "random",
    "n_layer": 12,
    "n_head": 12,
    "n_embd": 768,
    "vocab_size": 50304
  },
  "metrics": {
    "prefill_ms": 12.83618132273356,
    "prefill_ms_per_tok": 0.025070666645963986,
    "decode_total_ms": 552.0241088867188,
    "decode_ms_per_tok": 4.31268835067749,
    "decode_tok_s": 232.21754230031243,
    "peak_alloc_bytes": 1471949312,
    "peak_reserved_bytes": 1598029824
  }
}