{
  "meta": {
    "device": "cuda",
    "dtype": "bfloat16",
    "torch_version": "2.9.1+cu128",
    "cuda": "12.8",
    "gpu_name": "NVIDIA GeForce RTX 5070 Ti Laptop GPU",
    "time_unix": 1766978272.1148305
  },
  "params": {
    "batch_size": 1,
    "prompt_len": 128,
    "max_new_tokens": 128,
    "kv_cache": true,
    "prefix_source": "random",
    "n_layer": 12,
    "n_head": 12,
    "n_embd": 768,
    "vocab_size": 50304
  },
  "metrics": {
    "prefill_ms": 6.277472178141276,
    "prefill_ms_per_tok": 0.04904275139172872,
    "decode_total_ms": 464.4661458333333,
    "decode_ms_per_tok": 3.6286417643229165,
    "decode_tok_s": 275.79031034960957,
    "peak_alloc_bytes": 809522688,
    "peak_reserved_bytes": 853540864
  }
}