{
  "meta": {
    "device": "cuda",
    "dtype": "bfloat16",
    "torch_version": "2.9.1+cu128",
    "cuda": "12.8",
    "gpu_name": "NVIDIA GeForce RTX 5070 Ti Laptop GPU",
    "time_unix": 1766977363.4770923
  },
  "params": {
    "batch_size": 4,
    "prompt_len": 1024,
    "max_new_tokens": 128,
    "kv_cache": false,
    "prefix_source": "random",
    "n_layer": 12,
    "n_head": 12,
    "n_embd": 768,
    "vocab_size": 50304
  },
  "metrics": {
    "prefill_ms": 25.471946080525715,
    "prefill_ms_per_tok": 0.024874947344263394,
    "decode_total_ms": 3359.7777506510415,
    "decode_ms_per_tok": 26.248263676961262,
    "decode_tok_s": 38.09777027641245,
    "peak_alloc_bytes": 2169813504,
    "peak_reserved_bytes": 2348810240
  }
}