{
  "meta": {
    "device": "cuda",
    "dtype": "bfloat16",
    "torch_version": "2.9.1+cu128",
    "cuda": "12.8",
    "gpu_name": "NVIDIA GeForce RTX 5070 Ti Laptop GPU",
    "time_unix": 1766977271.813645
  },
  "params": {
    "batch_size": 1,
    "prompt_len": 128,
    "max_new_tokens": 128,
    "kv_cache": false,
    "prefix_source": "random",
    "n_layer": 12,
    "n_head": 12,
    "n_embd": 768,
    "vocab_size": 50304
  },
  "metrics": {
    "prefill_ms": 4.777578671773274,
    "prefill_ms_per_tok": 0.03732483337322871,
    "decode_total_ms": 486.9943440755208,
    "decode_ms_per_tok": 3.8046433130900064,
    "decode_tok_s": 263.0746470008071,
    "peak_alloc_bytes": 809522688,
    "peak_reserved_bytes": 847249408
  }
}