{
  "meta": {
    "device": "cuda",
    "dtype": "bfloat16",
    "torch_version": "2.9.1+cu128",
    "cuda": "12.8",
    "gpu_name": "NVIDIA GeForce RTX 5070 Ti Laptop GPU",
    "time_unix": 1766977282.778468
  },
  "params": {
    "batch_size": 4,
    "prompt_len": 128,
    "max_new_tokens": 128,
    "kv_cache": false,
    "prefix_source": "random",
    "n_layer": 12,
    "n_head": 12,
    "n_embd": 768,
    "vocab_size": 50304
  },
  "metrics": {
    "prefill_ms": 6.013792037963867,
    "prefill_ms_per_tok": 0.04698275029659271,
    "decode_total_ms": 881.3187866210938,
    "decode_ms_per_tok": 6.885303020477295,
    "decode_tok_s": 145.23970049443713,
    "peak_alloc_bytes": 945536512,
    "peak_reserved_bytes": 966787072
  }
}