{
  "meta": {
    "device": "cuda",
    "dtype": "float16",
    "torch_version": "2.9.1+cu128",
    "cuda": "12.8",
    "gpu_name": "NVIDIA GeForce RTX 5070 Ti Laptop GPU",
    "time_unix": 1766979309.5813003
  },
  "params": {
    "batch_size": 1,
    "prompt_len": 128,
    "max_new_tokens": 128,
    "kv_cache": false,
    "prefix_source": "random",
    "n_layer": 12,
    "n_head": 12,
    "n_embd": 768,
    "vocab_size": 50304
  },
  "metrics": {
    "prefill_ms": 5.602816104888916,
    "prefill_ms_per_tok": 0.043772000819444656,
    "decode_total_ms": 549.6897786458334,
    "decode_ms_per_tok": 4.294451395670573,
    "decode_tok_s": 233.13422152807019,
    "peak_alloc_bytes": 809522688,
    "peak_reserved_bytes": 847249408
  }
}