{
  "meta": {
    "device": "cuda",
    "dtype": "float16",
    "torch_version": "2.9.1+cu128",
    "cuda": "12.8",
    "gpu_name": "NVIDIA GeForce RTX 5070 Ti Laptop GPU",
    "time_unix": 1766979350.5261364
  },
  "params": {
    "batch_size": 4,
    "prompt_len": 512,
    "max_new_tokens": 128,
    "kv_cache": false,
    "prefix_source": "random",
    "n_layer": 12,
    "n_head": 12,
    "n_embd": 768,
    "vocab_size": 50304
  },
  "metrics": {
    "prefill_ms": 14.601056098937988,
    "prefill_ms_per_tok": 0.02851768769323826,
    "decode_total_ms": 1882.8998616536458,
    "decode_ms_per_tok": 14.710155169169107,
    "decode_tok_s": 67.98087440337473,
    "peak_alloc_bytes": 1471949312,
    "peak_reserved_bytes": 1598029824
  }
}