{
  "meta": {
    "device": "cuda",
    "dtype": "float16",
    "torch_version": "2.9.1+cu128",
    "cuda": "12.8",
    "gpu_name": "NVIDIA GeForce RTX 5070 Ti Laptop GPU",
    "time_unix": 1766981186.1610804
  },
  "params": {
    "batch_size": 2,
    "prompt_len": 128,
    "max_new_tokens": 128,
    "kv_cache": true,
    "prefix_source": "random",
    "n_layer": 12,
    "n_head": 12,
    "n_embd": 768,
    "vocab_size": 50304
  },
  "metrics": {
    "prefill_ms": 5.312010606129964,
    "prefill_ms_per_tok": 0.04150008286039034,
    "decode_total_ms": 397.2594909667969,
    "decode_ms_per_tok": 3.1035897731781006,
    "decode_tok_s": 322.2325848452255,
    "peak_alloc_bytes": 859273216,
    "peak_reserved_bytes": 895483904
  }
}