{
  "meta": {
    "device": "cuda",
    "dtype": "float16",
    "torch_version": "2.9.1+cu128",
    "cuda": "12.8",
    "gpu_name": "NVIDIA GeForce RTX 5070 Ti Laptop GPU",
    "time_unix": 1766981218.6182973
  },
  "params": {
    "batch_size": 1,
    "prompt_len": 1024,
    "max_new_tokens": 128,
    "kv_cache": true,
    "prefix_source": "random",
    "n_layer": 12,
    "n_head": 12,
    "n_embd": 768,
    "vocab_size": 50304
  },
  "metrics": {
    "prefill_ms": 7.238847891489665,
    "prefill_ms_per_tok": 0.007069187394032876,
    "decode_total_ms": 436.29918416341144,
    "decode_ms_per_tok": 3.408587376276652,
    "decode_tok_s": 293.4170407754384,
    "peak_alloc_bytes": 1129916928,
    "peak_reserved_bytes": 1136656384
  }
}