{
  "meta": {
    "device": "cuda",
    "dtype": "float16",
    "torch_version": "2.9.1+cu128",
    "cuda": "12.8",
    "gpu_name": "NVIDIA GeForce RTX 5070 Ti Laptop GPU",
    "time_unix": 1766979340.4200141
  },
  "params": {
    "batch_size": 2,
    "prompt_len": 512,
    "max_new_tokens": 128,
    "kv_cache": false,
    "prefix_source": "random",
    "n_layer": 12,
    "n_head": 12,
    "n_embd": 768,
    "vocab_size": 50304
  },
  "metrics": {
    "prefill_ms": 8.07527462641398,
    "prefill_ms_per_tok": 0.015772020754714806,
    "decode_total_ms": 1111.691650390625,
    "decode_ms_per_tok": 8.685091018676758,
    "decode_tok_s": 115.17407834547923,
    "peak_alloc_bytes": 1124774912,
    "peak_reserved_bytes": 1136656384
  }
}