{
  "meta": {
    "device": "cuda",
    "dtype": "float16",
    "torch_version": "2.9.1+cu128",
    "cuda": "12.8",
    "gpu_name": "NVIDIA GeForce RTX 5070 Ti Laptop GPU",
    "time_unix": 1766981181.7783067
  },
  "params": {
    "batch_size": 1,
    "prompt_len": 128,
    "max_new_tokens": 128,
    "kv_cache": true,
    "prefix_source": "random",
    "n_layer": 12,
    "n_head": 12,
    "n_embd": 768,
    "vocab_size": 50304
  },
  "metrics": {
    "prefill_ms": 5.509941418965657,
    "prefill_ms_per_tok": 0.0430464173356692,
    "decode_total_ms": 426.3868408203125,
    "decode_ms_per_tok": 3.3311471939086914,
    "decode_tok_s": 300.67362768686525,
    "peak_alloc_bytes": 809522688,
    "peak_reserved_bytes": 853540864
  }
}