{
  "meta": {
    "device": "cuda",
    "dtype": "float16",
    "torch_version": "2.9.1+cu128",
    "cuda": "12.8",
    "gpu_name": "NVIDIA GeForce RTX 5070 Ti Laptop GPU",
    "time_unix": 1766979320.198419
  },
  "params": {
    "batch_size": 4,
    "prompt_len": 128,
    "max_new_tokens": 128,
    "kv_cache": false,
    "prefix_source": "random",
    "n_layer": 12,
    "n_head": 12,
    "n_embd": 768,
    "vocab_size": 50304
  },
  "metrics": {
    "prefill_ms": 5.240501403808594,
    "prefill_ms_per_tok": 0.04094141721725464,
    "decode_total_ms": 817.8946736653646,
    "decode_ms_per_tok": 6.389802138010661,
    "decode_tok_s": 156.50064776407388,
    "peak_alloc_bytes": 945536512,
    "peak_reserved_bytes": 966787072
  }
}