{
  "meta": {
    "device": "cuda",
    "dtype": "float16",
    "torch_version": "2.9.1+cu128",
    "cuda": "12.8",
    "gpu_name": "NVIDIA GeForce RTX 5070 Ti Laptop GPU",
    "time_unix": 1766981422.227221
  },
  "params": {
    "batch_size": 8,
    "prompt_len": 2048,
    "max_new_tokens": 128,
    "kv_cache": true,
    "prefix_source": "random",
    "n_layer": 12,
    "n_head": 12,
    "n_embd": 768,
    "vocab_size": 50304
  },
  "metrics": {
    "prefill_ms": 116.1977055867513,
    "prefill_ms_per_tok": 0.05673716093103091,
    "decode_total_ms": 35501.557291666664,
    "decode_ms_per_tok": 277.3559163411458,
    "decode_tok_s": 3.6084569123611154,
    "peak_alloc_bytes": 6380209664,
    "peak_reserved_bytes": 9227468800
  }
}