{
  "meta": {
    "device": "cuda",
    "dtype": "float16",
    "torch_version": "2.9.1+cu128",
    "cuda": "12.8",
    "gpu_name": "NVIDIA GeForce RTX 5070 Ti Laptop GPU",
    "time_unix": 1766981261.4193206
  },
  "params": {
    "batch_size": 2,
    "prompt_len": 2048,
    "max_new_tokens": 128,
    "kv_cache": true,
    "prefix_source": "random",
    "n_layer": 12,
    "n_head": 12,
    "n_embd": 768,
    "vocab_size": 50304
  },
  "metrics": {
    "prefill_ms": 26.553706487019856,
    "prefill_ms_per_tok": 0.012965676995615164,
    "decode_total_ms": 871.3163655598959,
    "decode_ms_per_tok": 6.8071591059366865,
    "decode_tok_s": 146.9139390727999,
    "peak_alloc_bytes": 2176951296,
    "peak_reserved_bytes": 2925527040
  }
}