{
  "meta": {
    "device": "cuda",
    "dtype": "float16",
    "torch_version": "2.9.1+cu128",
    "cuda": "12.8",
    "gpu_name": "NVIDIA GeForce RTX 5070 Ti Laptop GPU",
    "time_unix": 1766979333.413377
  },
  "params": {
    "batch_size": 1,
    "prompt_len": 512,
    "max_new_tokens": 128,
    "kv_cache": false,
    "prefix_source": "random",
    "n_layer": 12,
    "n_head": 12,
    "n_embd": 768,
    "vocab_size": 50304
  },
  "metrics": {
    "prefill_ms": 5.412277380625407,
    "prefill_ms_per_tok": 0.010570854259033998,
    "decode_total_ms": 755.4682210286459,
    "decode_ms_per_tok": 5.902095476786296,
    "decode_tok_s": 169.48921645742155,
    "peak_alloc_bytes": 945617408,
    "peak_reserved_bytes": 964689920
  }
}