{
  "meta": {
    "device": "cuda",
    "dtype": "float16",
    "torch_version": "2.9.1+cu128",
    "cuda": "12.8",
    "gpu_name": "NVIDIA GeForce RTX 5070 Ti Laptop GPU",
    "time_unix": 1766979494.417264
  },
  "params": {
    "batch_size": 2,
    "prompt_len": 2048,
    "max_new_tokens": 128,
    "kv_cache": false,
    "prefix_source": "random",
    "n_layer": 12,
    "n_head": 12,
    "n_embd": 768,
    "vocab_size": 50304
  },
  "metrics": {
    "prefill_ms": 30.862186431884766,
    "prefill_ms_per_tok": 0.015069426968693733,
    "decode_total_ms": 3927.7752278645835,
    "decode_ms_per_tok": 30.68574396769206,
    "decode_tok_s": 32.588547197322384,
    "peak_alloc_bytes": 2176951296,
    "peak_reserved_bytes": 2348810240
  }
}