{
  "meta": {
    "device": "cuda",
    "dtype": "float16",
    "torch_version": "2.9.1+cu128",
    "cuda": "12.8",
    "gpu_name": "NVIDIA GeForce RTX 5070 Ti Laptop GPU",
    "time_unix": 1766981249.8651273
  },
  "params": {
    "batch_size": 8,
    "prompt_len": 1024,
    "max_new_tokens": 128,
    "kv_cache": true,
    "prefix_source": "random",
    "n_layer": 12,
    "n_head": 12,
    "n_embd": 768,
    "vocab_size": 50304
  },
  "metrics": {
    "prefill_ms": 512.1812477111816,
    "prefill_ms_per_tok": 0.5001769997179508,
    "decode_total_ms": 3641.387939453125,
    "decode_ms_per_tok": 28.44834327697754,
    "decode_tok_s": 36.37880243691587,
    "peak_alloc_bytes": 3571787264,
    "peak_reserved_bytes": 4968153088
  }
}