{
  "meta": {
    "device": "cuda",
    "dtype": "float16",
    "torch_version": "2.9.1+cu128",
    "cuda": "12.8",
    "gpu_name": "NVIDIA GeForce RTX 5070 Ti Laptop GPU",
    "time_unix": 1766981190.408208
  },
  "params": {
    "batch_size": 4,
    "prompt_len": 128,
    "max_new_tokens": 128,
    "kv_cache": true,
    "prefix_source": "random",
    "n_layer": 12,
    "n_head": 12,
    "n_embd": 768,
    "vocab_size": 50304
  },
  "metrics": {
    "prefill_ms": 5.779765446980794,
    "prefill_ms_per_tok": 0.04515441755453745,
    "decode_total_ms": 405.0892639160156,
    "decode_ms_per_tok": 3.164759874343872,
    "decode_tok_s": 316.02821539896627,
    "peak_alloc_bytes": 945536512,
    "peak_reserved_bytes": 966787072
  }
}