{
  "meta": {
    "device": "cuda",
    "dtype": "float16",
    "torch_version": "2.9.1+cu128",
    "cuda": "12.8",
    "gpu_name": "NVIDIA GeForce RTX 5070 Ti Laptop GPU",
    "time_unix": 1766979402.1564252
  },
  "params": {
    "batch_size": 4,
    "prompt_len": 1024,
    "max_new_tokens": 128,
    "kv_cache": false,
    "prefix_source": "random",
    "n_layer": 12,
    "n_head": 12,
    "n_embd": 768,
    "vocab_size": 50304
  },
  "metrics": {
    "prefill_ms": 26.100575764973957,
    "prefill_ms_per_tok": 0.02548884352048238,
    "decode_total_ms": 3572.4740397135415,
    "decode_ms_per_tok": 27.909953435262043,
    "decode_tok_s": 35.83151112778254,
    "peak_alloc_bytes": 2169813504,
    "peak_reserved_bytes": 2348810240
  }
}