{
  "meta": {
    "device": "cuda",
    "dtype": "float16",
    "torch_version": "2.9.1+cu128",
    "cuda": "12.8",
    "gpu_name": "NVIDIA GeForce RTX 5070 Ti Laptop GPU",
    "time_unix": 1766981194.830219
  },
  "params": {
    "batch_size": 8,
    "prompt_len": 128,
    "max_new_tokens": 128,
    "kv_cache": true,
    "prefix_source": "random",
    "n_layer": 12,
    "n_head": 12,
    "n_embd": 768,
    "vocab_size": 50304
  },
  "metrics": {
    "prefill_ms": 6.849066575368245,
    "prefill_ms_per_tok": 0.053508332620064415,
    "decode_total_ms": 444.1664530436198,
    "decode_ms_per_tok": 3.4700504144032798,
    "decode_tok_s": 288.39142914931347,
    "peak_alloc_bytes": 1123830272,
    "peak_reserved_bytes": 1138753536
  }
}