{
  "meta": {
    "device": "cuda",
    "dtype": "float16",
    "torch_version": "2.9.1+cu128",
    "cuda": "12.8",
    "gpu_name": "NVIDIA GeForce RTX 5070 Ti Laptop GPU",
    "time_unix": 1766981283.6497092
  },
  "params": {
    "batch_size": 4,
    "prompt_len": 2048,
    "max_new_tokens": 128,
    "kv_cache": true,
    "prefix_source": "random",
    "n_layer": 12,
    "n_head": 12,
    "n_embd": 768,
    "vocab_size": 50304
  },
  "metrics": {
    "prefill_ms": 55.90097173055013,
    "prefill_ms_per_tok": 0.027295396352807682,
    "decode_total_ms": 4762.547200520833,
    "decode_ms_per_tok": 37.20740000406901,
    "decode_tok_s": 26.888045452085706,
    "peak_alloc_bytes": 3579107840,
    "peak_reserved_bytes": 4968153088
  }
}