{
  "meta": {
    "device": "cuda",
    "dtype": "float16",
    "torch_version": "2.9.1+cu128",
    "cuda": "12.8",
    "gpu_name": "NVIDIA GeForce RTX 5070 Ti Laptop GPU",
    "time_unix": 1766981175.701526
  },
  "params": {
    "batch_size": 8,
    "prompt_len": 2048,
    "max_new_tokens": 128,
    "kv_cache": false,
    "prefix_source": "random",
    "n_layer": 12,
    "n_head": 12,
    "n_embd": 768,
    "vocab_size": 50304
  },
  "metrics": {
    "prefill_ms": 120.63259633382161,
    "prefill_ms_per_tok": 0.05890263492862383,
    "decode_total_ms": 410282.40625,
    "decode_ms_per_tok": 3205.331298828125,
    "decode_tok_s": 0.312059770686568,
    "peak_alloc_bytes": 6380209664,
    "peak_reserved_bytes": 7088373760
  }
}