{
  "meta": {
    "device": "cuda",
    "dtype": "float16",
    "torch_version": "2.9.1+cu128",
    "cuda": "12.8",
    "gpu_name": "NVIDIA GeForce RTX 5070 Ti Laptop GPU",
    "time_unix": 1766979367.4277036
  },
  "params": {
    "batch_size": 8,
    "prompt_len": 512,
    "max_new_tokens": 128,
    "kv_cache": false,
    "prefix_source": "random",
    "n_layer": 12,
    "n_head": 12,
    "n_embd": 768,
    "vocab_size": 50304
  },
  "metrics": {
    "prefill_ms": 24.603050231933594,
    "prefill_ms_per_tok": 0.0480528324842453,
    "decode_total_ms": 3555.3623860677085,
    "decode_ms_per_tok": 27.776268641153973,
    "decode_tok_s": 36.00207111970491,
    "peak_alloc_bytes": 2161579520,
    "peak_reserved_bytes": 2315255808
  }
}