{
  "meta": {
    "device": "cuda",
    "dtype": "float16",
    "torch_version": "2.9.1+cu128",
    "cuda": "12.8",
    "gpu_name": "NVIDIA GeForce RTX 5070 Ti Laptop GPU",
    "time_unix": 1766979314.466937
  },
  "params": {
    "batch_size": 2,
    "prompt_len": 128,
    "max_new_tokens": 128,
    "kv_cache": false,
    "prefix_source": "random",
    "n_layer": 12,
    "n_head": 12,
    "n_embd": 768,
    "vocab_size": 50304
  },
  "metrics": {
    "prefill_ms": 5.072458585103353,
    "prefill_ms_per_tok": 0.03962858269611994,
    "decode_total_ms": 574.232421875,
    "decode_ms_per_tok": 4.4861907958984375,
    "decode_tok_s": 223.35804370516135,
    "peak_alloc_bytes": 859273216,
    "peak_reserved_bytes": 880803840
  }
}