{
  "meta": {
    "device": "cuda",
    "dtype": "float16",
    "torch_version": "2.9.1+cu128",
    "cuda": "12.8",
    "gpu_name": "NVIDIA GeForce RTX 5070 Ti Laptop GPU",
    "time_unix": 1766979560.508262
  },
  "params": {
    "batch_size": 4,
    "prompt_len": 2048,
    "max_new_tokens": 128,
    "kv_cache": false,
    "prefix_source": "random",
    "n_layer": 12,
    "n_head": 12,
    "n_embd": 768,
    "vocab_size": 50304
  },
  "metrics": {
    "prefill_ms": 63.05841954549154,
    "prefill_ms_per_tok": 0.03079024391869704,
    "decode_total_ms": 15915.579752604166,
    "decode_ms_per_tok": 124.34046681722005,
    "decode_tok_s": 8.05211737482489,
    "peak_alloc_bytes": 3579435520,
    "peak_reserved_bytes": 3766484992
  }
}