{
  "meta": {
    "device": "cuda",
    "dtype": "float16",
    "torch_version": "2.9.1+cu128",
    "cuda": "12.8",
    "gpu_name": "NVIDIA GeForce RTX 5070 Ti Laptop GPU",
    "time_unix": 1766981198.9494827
  },
  "params": {
    "batch_size": 1,
    "prompt_len": 512,
    "max_new_tokens": 128,
    "kv_cache": true,
    "prefix_source": "random",
    "n_layer": 12,
    "n_head": 12,
    "n_embd": 768,
    "vocab_size": 50304
  },
  "metrics": {
    "prefill_ms": 4.9036478996276855,
    "prefill_ms_per_tok": 0.009577437303960323,
    "decode_total_ms": 370.6977233886719,
    "decode_ms_per_tok": 2.896075963973999,
    "decode_tok_s": 345.44685311218154,
    "peak_alloc_bytes": 945617408,
    "peak_reserved_bytes": 964689920
  }
}