{
  "meta": {
    "device": "cuda",
    "dtype": "float16",
    "torch_version": "2.9.1+cu128",
    "cuda": "12.8",
    "gpu_name": "NVIDIA GeForce RTX 5070 Ti Laptop GPU",
    "time_unix": 1766979464.6004262
  },
  "params": {
    "batch_size": 8,
    "prompt_len": 1024,
    "max_new_tokens": 128,
    "kv_cache": false,
    "prefix_source": "random",
    "n_layer": 12,
    "n_head": 12,
    "n_embd": 768,
    "vocab_size": 50304
  },
  "metrics": {
    "prefill_ms": 49.356021881103516,
    "prefill_ms_per_tok": 0.04819924011826515,
    "decode_total_ms": 14931.609049479166,
    "decode_ms_per_tok": 116.65319569905598,
    "decode_tok_s": 8.572728876967572,
    "peak_alloc_bytes": 3572114944,
    "peak_reserved_bytes": 3823108096
  }
}