{
  "meta": {
    "device": "cuda",
    "dtype": "float16",
    "torch_version": "2.9.1+cu128",
    "cuda": "12.8",
    "gpu_name": "NVIDIA GeForce RTX 5070 Ti Laptop GPU",
    "time_unix": 1766981214.1597967
  },
  "params": {
    "batch_size": 8,
    "prompt_len": 512,
    "max_new_tokens": 128,
    "kv_cache": true,
    "prefix_source": "random",
    "n_layer": 12,
    "n_head": 12,
    "n_embd": 768,
    "vocab_size": 50304
  },
  "metrics": {
    "prefill_ms": 21.63160514831543,
    "prefill_ms_per_tok": 0.042249228805303574,
    "decode_total_ms": 803.4853108723959,
    "decode_ms_per_tok": 6.277228991190593,
    "decode_tok_s": 159.38653196446964,
    "peak_alloc_bytes": 2161579520,
    "peak_reserved_bytes": 2891972608
  }
}