{
  "meta": {
    "device": "cuda",
    "dtype": "float16",
    "torch_version": "2.9.1+cu128",
    "cuda": "12.8",
    "gpu_name": "NVIDIA GeForce RTX 5070 Ti Laptop GPU",
    "time_unix": 1766981255.2503235
  },
  "params": {
    "batch_size": 1,
    "prompt_len": 2048,
    "max_new_tokens": 128,
    "kv_cache": true,
    "prefix_source": "random",
    "n_layer": 12,
    "n_head": 12,
    "n_embd": 768,
    "vocab_size": 50304
  },
  "metrics": {
    "prefill_ms": 13.615392049153646,
    "prefill_ms_per_tok": 0.006648140649000804,
    "decode_total_ms": 623.1730143229166,
    "decode_ms_per_tok": 4.868539174397786,
    "decode_tok_s": 205.4034069798387,
    "peak_alloc_bytes": 1481345536,
    "peak_reserved_bytes": 1600126976
  }
}