{
  "meta": {
    "device": "cuda",
    "dtype": "float16",
    "torch_version": "2.9.1+cu128",
    "cuda": "12.8",
    "gpu_name": "NVIDIA GeForce RTX 5070 Ti Laptop GPU",
    "time_unix": 1766979385.1682646
  },
  "params": {
    "batch_size": 2,
    "prompt_len": 1024,
    "max_new_tokens": 128,
    "kv_cache": false,
    "prefix_source": "random",
    "n_layer": 12,
    "n_head": 12,
    "n_embd": 768,
    "vocab_size": 50304
  },
  "metrics": {
    "prefill_ms": 15.895594914754232,
    "prefill_ms_per_tok": 0.01552304190893968,
    "decode_total_ms": 1930.0809733072917,
    "decode_ms_per_tok": 15.078757603963217,
    "decode_tok_s": 66.32335180812885,
    "peak_alloc_bytes": 1473709056,
    "peak_reserved_bytes": 1600126976
  }
}