{
  "meta": {
    "device": "cuda",
    "dtype": "bfloat16",
    "torch_version": "2.9.1+cu128",
    "cuda": "12.8",
    "gpu_name": "NVIDIA GeForce RTX 5070 Ti Laptop GPU",
    "time_unix": 1766984955.1694827
  },
  "params": {
    "batch_size": 4,
    "prompt_len": 2048,
    "max_new_tokens": 128,
    "kv_cache": true,
    "prefix_source": "random",
    "n_layer": 12,
    "n_head": 12,
    "n_embd": 768,
    "vocab_size": 50304
  },
  "metrics": {
    "prefill_ms": 59.718666076660156,
    "prefill_ms_per_tok": 0.029159504920244217,
    "decode_total_ms": 5500.785319010417,
    "decode_ms_per_tok": 42.97488530476888,
    "decode_tok_s": 23.635804346195105,
    "peak_alloc_bytes": 3579107840,
    "peak_reserved_bytes": 4968153088
  }
}