{
  "meta": {
    "device": "cuda",
    "dtype": "bfloat16",
    "torch_version": "2.9.1+cu128",
    "cuda": "12.8",
    "gpu_name": "NVIDIA GeForce RTX 5070 Ti Laptop GPU",
    "time_unix": 1766984721.7619183
  },
  "params": {
    "batch_size": 2,
    "prompt_len": 128,
    "max_new_tokens": 128,
    "kv_cache": false,
    "prefix_source": "random",
    "n_layer": 12,
    "n_head": 12,
    "n_embd": 768,
    "vocab_size": 50304
  },
  "metrics": {
    "prefill_ms": 5.226421356201172,
    "prefill_ms_per_tok": 0.040831416845321655,
    "decode_total_ms": 628.4697469075521,
    "decode_ms_per_tok": 4.909919897715251,
    "decode_tok_s": 203.98802873942495,
    "peak_alloc_bytes": 859273216,
    "peak_reserved_bytes": 880803840
  }
}