{
  "meta": {
    "device": "cuda",
    "dtype": "bfloat16",
    "torch_version": "2.9.1+cu128",
    "cuda": "12.8",
    "gpu_name": "NVIDIA GeForce RTX 5070 Ti Laptop GPU",
    "time_unix": 1766984886.100697
  },
  "params": {
    "batch_size": 2,
    "prompt_len": 128,
    "max_new_tokens": 128,
    "kv_cache": true,
    "prefix_source": "random",
    "n_layer": 12,
    "n_head": 12,
    "n_embd": 768,
    "vocab_size": 50304
  },
  "metrics": {
    "prefill_ms": 5.10536527633667,
    "prefill_ms_per_tok": 0.039885666221380234,
    "decode_total_ms": 392.36683146158856,
    "decode_ms_per_tok": 3.0653658707936606,
    "decode_tok_s": 326.25025106203026,
    "peak_alloc_bytes": 859273216,
    "peak_reserved_bytes": 895483904
  }
}