{
  "meta": {
    "device": "cuda",
    "dtype": "bfloat16",
    "torch_version": "2.9.1+cu128",
    "cuda": "12.8",
    "gpu_name": "NVIDIA GeForce RTX 5070 Ti Laptop GPU",
    "time_unix": 1766984814.104967
  },
  "params": {
    "batch_size": 2,
    "prompt_len": 2048,
    "max_new_tokens": 128,
    "kv_cache": false,
    "prefix_source": "random",
    "n_layer": 12,
    "n_head": 12,
    "n_embd": 768,
    "vocab_size": 50304
  },
  "metrics": {
    "prefill_ms": 28.889301300048828,
    "prefill_ms_per_tok": 0.014106104150414467,
    "decode_total_ms": 3716.8301595052085,
    "decode_ms_per_tok": 29.03773562113444,
    "decode_tok_s": 34.43796866388442,
    "peak_alloc_bytes": 2176951296,
    "peak_reserved_bytes": 2348810240
  }
}