{
  "meta": {
    "device": "cuda",
    "dtype": "bfloat16",
    "torch_version": "2.9.1+cu128",
    "cuda": "12.8",
    "gpu_name": "NVIDIA GeForce RTX 5070 Ti Laptop GPU",
    "time_unix": 1766984894.4120111
  },
  "params": {
    "batch_size": 1,
    "prompt_len": 512,
    "max_new_tokens": 128,
    "kv_cache": true,
    "prefix_source": "random",
    "n_layer": 12,
    "n_head": 12,
    "n_embd": 768,
    "vocab_size": 50304
  },
  "metrics": {
    "prefill_ms": 5.636565367380778,
    "prefill_ms_per_tok": 0.011008916733165583,
    "decode_total_ms": 365.6483968098958,
    "decode_ms_per_tok": 2.856628100077311,
    "decode_tok_s": 350.06754075169266,
    "peak_alloc_bytes": 945617408,
    "peak_reserved_bytes": 964689920
  }
}