{
  "meta": {
    "device": "cuda",
    "dtype": "bfloat16",
    "torch_version": "2.9.1+cu128",
    "cuda": "12.8",
    "gpu_name": "NVIDIA GeForce RTX 5070 Ti Laptop GPU",
    "time_unix": 1766984881.6484196
  },
  "params": {
    "batch_size": 1,
    "prompt_len": 128,
    "max_new_tokens": 128,
    "kv_cache": true,
    "prefix_source": "random",
    "n_layer": 12,
    "n_head": 12,
    "n_embd": 768,
    "vocab_size": 50304
  },
  "metrics": {
    "prefill_ms": 5.454506715138753,
    "prefill_ms_per_tok": 0.04261333371202151,
    "decode_total_ms": 409.8211263020833,
    "decode_ms_per_tok": 3.201727549235026,
    "decode_tok_s": 312.3429551563477,
    "peak_alloc_bytes": 809522688,
    "peak_reserved_bytes": 853540864
  }
}