{
  "meta": {
    "device": "cuda",
    "dtype": "bfloat16",
    "torch_version": "2.9.1+cu128",
    "cuda": "12.8",
    "gpu_name": "NVIDIA GeForce RTX 5070 Ti Laptop GPU",
    "time_unix": 1766984785.0473177
  },
  "params": {
    "batch_size": 4,
    "prompt_len": 1024,
    "max_new_tokens": 128,
    "kv_cache": false,
    "prefix_source": "random",
    "n_layer": 12,
    "n_head": 12,
    "n_embd": 768,
    "vocab_size": 50304
  },
  "metrics": {
    "prefill_ms": 25.53152020772298,
    "prefill_ms_per_tok": 0.024933125202854473,
    "decode_total_ms": 3344.99365234375,
    "decode_ms_per_tok": 26.132762908935547,
    "decode_tok_s": 38.266166571942996,
    "peak_alloc_bytes": 2169813504,
    "peak_reserved_bytes": 2348810240
  }
}