{
  "meta": {
    "device": "cuda",
    "dtype": "bfloat16",
    "torch_version": "2.9.1+cu128",
    "cuda": "12.8",
    "gpu_name": "NVIDIA GeForce RTX 5070 Ti Laptop GPU",
    "time_unix": 1766984930.2534442
  },
  "params": {
    "batch_size": 2,
    "prompt_len": 2048,
    "max_new_tokens": 128,
    "kv_cache": true,
    "prefix_source": "random",
    "n_layer": 12,
    "n_head": 12,
    "n_embd": 768,
    "vocab_size": 50304
  },
  "metrics": {
    "prefill_ms": 27.770165761311848,
    "prefill_ms_per_tok": 0.01355965125064055,
    "decode_total_ms": 858.6906331380209,
    "decode_ms_per_tok": 6.708520571390788,
    "decode_tok_s": 149.07635657451615,
    "peak_alloc_bytes": 2176951296,
    "peak_reserved_bytes": 2925527040
  }
}