{
  "meta": {
    "device": "cuda",
    "dtype": "bfloat16",
    "torch_version": "2.9.1+cu128",
    "cuda": "12.8",
    "gpu_name": "NVIDIA GeForce RTX 5070 Ti Laptop GPU",
    "time_unix": 1766984913.0081508
  },
  "params": {
    "batch_size": 2,
    "prompt_len": 1024,
    "max_new_tokens": 128,
    "kv_cache": true,
    "prefix_source": "random",
    "n_layer": 12,
    "n_head": 12,
    "n_embd": 768,
    "vocab_size": 50304
  },
  "metrics": {
    "prefill_ms": 13.665151913960775,
    "prefill_ms_per_tok": 0.01334487491597732,
    "decode_total_ms": 560.9789428710938,
    "decode_ms_per_tok": 4.38264799118042,
    "decode_tok_s": 228.34417396465162,
    "peak_alloc_bytes": 1473709056,
    "peak_reserved_bytes": 1600126976
  }
}