{
  "meta": {
    "device": "cuda",
    "dtype": "bfloat16",
    "torch_version": "2.9.1+cu128",
    "cuda": "12.8",
    "gpu_name": "NVIDIA GeForce RTX 5070 Ti Laptop GPU",
    "time_unix": 1766984796.484539
  },
  "params": {
    "batch_size": 1,
    "prompt_len": 2048,
    "max_new_tokens": 128,
    "kv_cache": false,
    "prefix_source": "random",
    "n_layer": 12,
    "n_head": 12,
    "n_embd": 768,
    "vocab_size": 50304
  },
  "metrics": {
    "prefill_ms": 16.9640531539917,
    "prefill_ms_per_tok": 0.00828322907909751,
    "decode_total_ms": 2188.0196940104165,
    "decode_ms_per_tok": 17.09390385945638,
    "decode_tok_s": 58.50060315125146,
    "peak_alloc_bytes": 1481345536,
    "peak_reserved_bytes": 1600126976
  }
}