{
  "meta": {
    "device": "cuda",
    "dtype": "bfloat16",
    "torch_version": "2.9.1+cu128",
    "cuda": "12.8",
    "gpu_name": "NVIDIA GeForce RTX 5070 Ti Laptop GPU",
    "time_unix": 1766984876.9601145
  },
  "params": {
    "batch_size": 4,
    "prompt_len": 2048,
    "max_new_tokens": 128,
    "kv_cache": false,
    "prefix_source": "random",
    "n_layer": 12,
    "n_head": 12,
    "n_embd": 768,
    "vocab_size": 50304
  },
  "metrics": {
    "prefill_ms": 51.62279510498047,
    "prefill_ms_per_tok": 0.025206442922353745,
    "decode_total_ms": 14944.808268229166,
    "decode_ms_per_tok": 116.75631459554036,
    "decode_tok_s": 8.565102425588847,
    "peak_alloc_bytes": 3579435520,
    "peak_reserved_bytes": 3766484992
  }
}