{
  "meta": {
    "device": "cuda",
    "dtype": "bfloat16",
    "torch_version": "2.9.1+cu128",
    "cuda": "12.8",
    "gpu_name": "NVIDIA GeForce RTX 5070 Ti Laptop GPU",
    "time_unix": 1766984716.4059904
  },
  "params": {
    "batch_size": 1,
    "prompt_len": 128,
    "max_new_tokens": 128,
    "kv_cache": false,
    "prefix_source": "random",
    "n_layer": 12,
    "n_head": 12,
    "n_embd": 768,
    "vocab_size": 50304
  },
  "metrics": {
    "prefill_ms": 5.102442582448323,
    "prefill_ms_per_tok": 0.039862832675377526,
    "decode_total_ms": 495.46221923828125,
    "decode_ms_per_tok": 3.8707985877990723,
    "decode_tok_s": 258.4335739981879,
    "peak_alloc_bytes": 809522688,
    "peak_reserved_bytes": 847249408
  }
}