{
  "meta": {
    "device": "cuda",
    "dtype": "bfloat16",
    "torch_version": "2.9.1+cu128",
    "cuda": "12.8",
    "gpu_name": "NVIDIA GeForce RTX 5070 Ti Laptop GPU",
    "time_unix": 1766984890.3374794
  },
  "params": {
    "batch_size": 4,
    "prompt_len": 128,
    "max_new_tokens": 128,
    "kv_cache": true,
    "prefix_source": "random",
    "n_layer": 12,
    "n_head": 12,
    "n_embd": 768,
    "vocab_size": 50304
  },
  "metrics": {
    "prefill_ms": 5.352383931477864,
    "prefill_ms_per_tok": 0.041815499464670815,
    "decode_total_ms": 413.661865234375,
    "decode_ms_per_tok": 3.2317333221435547,
    "decode_tok_s": 309.46038734307996,
    "peak_alloc_bytes": 945536512,
    "peak_reserved_bytes": 966787072
  }
}