{
  "meta": {
    "device": "cuda",
    "dtype": "bfloat16",
    "torch_version": "2.9.1+cu128",
    "cuda": "12.8",
    "gpu_name": "NVIDIA GeForce RTX 5070 Ti Laptop GPU",
    "time_unix": 1766984918.9837193
  },
  "params": {
    "batch_size": 4,
    "prompt_len": 1024,
    "max_new_tokens": 128,
    "kv_cache": true,
    "prefix_source": "random",
    "n_layer": 12,
    "n_head": 12,
    "n_embd": 768,
    "vocab_size": 50304
  },
  "metrics": {
    "prefill_ms": 24.23259735107422,
    "prefill_ms_per_tok": 0.023664645850658417,
    "decode_total_ms": 817.7739664713541,
    "decode_ms_per_tok": 6.388859113057454,
    "decode_tok_s": 156.52823637060985,
    "peak_alloc_bytes": 2169813504,
    "peak_reserved_bytes": 2925527040
  }
}