{
  "meta": {
    "device": "cuda",
    "dtype": "bfloat16",
    "torch_version": "2.9.1+cu128",
    "cuda": "12.8",
    "gpu_name": "NVIDIA GeForce RTX 5070 Ti Laptop GPU",
    "time_unix": 1766984768.9973767
  },
  "params": {
    "batch_size": 2,
    "prompt_len": 1024,
    "max_new_tokens": 128,
    "kv_cache": false,
    "prefix_source": "random",
    "n_layer": 12,
    "n_head": 12,
    "n_embd": 768,
    "vocab_size": 50304
  },
  "metrics": {
    "prefill_ms": 16.35427188873291,
    "prefill_ms_per_tok": 0.015970968641340733,
    "decode_total_ms": 1930.4806722005208,
    "decode_ms_per_tok": 15.081880251566568,
    "decode_tok_s": 66.30736256284762,
    "peak_alloc_bytes": 1473709056,
    "peak_reserved_bytes": 1600126976
  }
}