{
  "meta": {
    "device": "cuda",
    "dtype": "bfloat16",
    "torch_version": "2.9.1+cu128",
    "cuda": "12.8",
    "gpu_name": "NVIDIA GeForce RTX 5070 Ti Laptop GPU",
    "time_unix": 1766984727.9373488
  },
  "params": {
    "batch_size": 4,
    "prompt_len": 128,
    "max_new_tokens": 128,
    "kv_cache": false,
    "prefix_source": "random",
    "n_layer": 12,
    "n_head": 12,
    "n_embd": 768,
    "vocab_size": 50304
  },
  "metrics": {
    "prefill_ms": 12.828746636708578,
    "prefill_ms_per_tok": 0.10022458309928577,
    "decode_total_ms": 915.9578043619791,
    "decode_ms_per_tok": 7.155920346577962,
    "decode_tok_s": 140.04588534666289,
    "peak_alloc_bytes": 945536512,
    "peak_reserved_bytes": 966787072
  }
}