{
  "meta": {
    "device": "cuda",
    "dtype": "bfloat16",
    "torch_version": "2.9.1+cu128",
    "cuda": "12.8",
    "gpu_name": "NVIDIA GeForce RTX 5070 Ti Laptop GPU",
    "time_unix": 1766984751.123859
  },
  "params": {
    "batch_size": 4,
    "prompt_len": 512,
    "max_new_tokens": 128,
    "kv_cache": false,
    "prefix_source": "random",
    "n_layer": 12,
    "n_head": 12,
    "n_embd": 768,
    "vocab_size": 50304
  },
  "metrics": {
    "prefill_ms": 15.084757804870605,
    "prefill_ms_per_tok": 0.0294624175876379,
    "decode_total_ms": 1847.0744222005208,
    "decode_ms_per_tok": 14.430268923441568,
    "decode_tok_s": 69.31014965891819,
    "peak_alloc_bytes": 1471949312,
    "peak_reserved_bytes": 1598029824
  }
}