{
  "meta": {
    "device": "cuda",
    "dtype": "bfloat16",
    "torch_version": "2.9.1+cu128",
    "cuda": "12.8",
    "gpu_name": "NVIDIA GeForce RTX 5070 Ti Laptop GPU",
    "time_unix": 1766984898.8375092
  },
  "params": {
    "batch_size": 2,
    "prompt_len": 512,
    "max_new_tokens": 128,
    "kv_cache": true,
    "prefix_source": "random",
    "n_layer": 12,
    "n_head": 12,
    "n_embd": 768,
    "vocab_size": 50304
  },
  "metrics": {
    "prefill_ms": 8.16542943318685,
    "prefill_ms_per_tok": 0.015948104361693066,
    "decode_total_ms": 454.587646484375,
    "decode_ms_per_tok": 3.5514659881591797,
    "decode_tok_s": 283.1880766081829,
    "peak_alloc_bytes": 1124774912,
    "peak_reserved_bytes": 1136656384
  }
}