{
  "meta": {
    "device": "cuda",
    "dtype": "bfloat16",
    "torch_version": "2.9.1+cu128",
    "cuda": "12.8",
    "gpu_name": "NVIDIA GeForce RTX 5070 Ti Laptop GPU",
    "time_unix": 1766984908.1288764
  },
  "params": {
    "batch_size": 1,
    "prompt_len": 1024,
    "max_new_tokens": 128,
    "kv_cache": true,
    "prefix_source": "random",
    "n_layer": 12,
    "n_head": 12,
    "n_embd": 768,
    "vocab_size": 50304
  },
  "metrics": {
    "prefill_ms": 8.576544125874838,
    "prefill_ms_per_tok": 0.008375531372924646,
    "decode_total_ms": 436.8179016113281,
    "decode_ms_per_tok": 3.412639856338501,
    "decode_tok_s": 293.19590065447187,
    "peak_alloc_bytes": 1129916928,
    "peak_reserved_bytes": 1136656384
  }
}