{
  "meta": {
    "device": "cuda",
    "dtype": "float16",
    "torch_version": "2.9.1+cu128",
    "cuda": "12.8",
    "gpu_name": "NVIDIA GeForce RTX 5070 Ti Laptop GPU",
    "time_unix": 1766985149.3681948
  },
  "params": {
    "batch_size": 4,
    "prompt_len": 2048,
    "max_new_tokens": 128,
    "kv_cache": false,
    "prefix_source": "random",
    "n_layer": 12,
    "n_head": 12,
    "n_embd": 768,
    "vocab_size": 50304
  },
  "metrics": {
    "prefill_ms": 60.947818756103516,
    "prefill_ms_per_tok": 0.02975967712700367,
    "decode_total_ms": 16165.681640625,
    "decode_ms_per_tok": 126.29438781738281,
    "decode_tok_s": 7.928292907394641,
    "peak_alloc_bytes": 3579435520,
    "peak_reserved_bytes": 3766484992
  }
}