{
  "meta": {
    "device": "cuda",
    "dtype": "float16",
    "torch_version": "2.9.1+cu128",
    "cuda": "12.8",
    "gpu_name": "NVIDIA GeForce RTX 5070 Ti Laptop GPU",
    "time_unix": 1766985227.2149782
  },
  "params": {
    "batch_size": 4,
    "prompt_len": 2048,
    "max_new_tokens": 128,
    "kv_cache": true,
    "prefix_source": "random",
    "n_layer": 12,
    "n_head": 12,
    "n_embd": 768,
    "vocab_size": 50304
  },
  "metrics": {
    "prefill_ms": 53.96732838948568,
    "prefill_ms_per_tok": 0.026351234565178554,
    "decode_total_ms": 5511.416829427083,
    "decode_ms_per_tok": 43.057943979899086,
    "decode_tok_s": 23.632916114135515,
    "peak_alloc_bytes": 3579107840,
    "peak_reserved_bytes": 4968153088
  }
}