{
  "meta": {
    "device": "cuda",
    "dtype": "float16",
    "torch_version": "2.9.1+cu128",
    "cuda": "12.8",
    "gpu_name": "NVIDIA GeForce RTX 5070 Ti Laptop GPU",
    "time_unix": 1766985158.051924
  },
  "params": {
    "batch_size": 2,
    "prompt_len": 128,
    "max_new_tokens": 128,
    "kv_cache": true,
    "prefix_source": "random",
    "n_layer": 12,
    "n_head": 12,
    "n_embd": 768,
    "vocab_size": 50304
  },
  "metrics": {
    "prefill_ms": 5.041344165802002,
    "prefill_ms_per_tok": 0.03938550129532814,
    "decode_total_ms": 389.1690266927083,
    "decode_ms_per_tok": 3.0403830210367837,
    "decode_tok_s": 328.9322389868985,
    "peak_alloc_bytes": 859273216,
    "peak_reserved_bytes": 895483904
  }
}