{
  "meta": {
    "device": "cuda",
    "dtype": "float16",
    "torch_version": "2.9.1+cu128",
    "cuda": "12.8",
    "gpu_name": "NVIDIA GeForce RTX 5070 Ti Laptop GPU",
    "time_unix": 1766985170.7553453
  },
  "params": {
    "batch_size": 2,
    "prompt_len": 512,
    "max_new_tokens": 128,
    "kv_cache": true,
    "prefix_source": "random",
    "n_layer": 12,
    "n_head": 12,
    "n_embd": 768,
    "vocab_size": 50304
  },
  "metrics": {
    "prefill_ms": 6.617194652557373,
    "prefill_ms_per_tok": 0.01292420830577612,
    "decode_total_ms": 428.7517598470052,
    "decode_ms_per_tok": 3.349623123804728,
    "decode_tok_s": 298.68419222957004,
    "peak_alloc_bytes": 1124774912,
    "peak_reserved_bytes": 1136656384
  }
}