{
  "meta": {
    "device": "cuda",
    "dtype": "float16",
    "torch_version": "2.9.1+cu128",
    "cuda": "12.8",
    "gpu_name": "NVIDIA GeForce RTX 5070 Ti Laptop GPU",
    "time_unix": 1766985024.777984
  },
  "params": {
    "batch_size": 1,
    "prompt_len": 1024,
    "max_new_tokens": 128,
    "kv_cache": false,
    "prefix_source": "random",
    "n_layer": 12,
    "n_head": 12,
    "n_embd": 768,
    "vocab_size": 50304
  },
  "metrics": {
    "prefill_ms": 8.715146700541178,
    "prefill_ms_per_tok": 0.008510885449747244,
    "decode_total_ms": 1140.69091796875,
    "decode_ms_per_tok": 8.91164779663086,
    "decode_tok_s": 112.25728931696021,
    "peak_alloc_bytes": 1129916928,
    "peak_reserved_bytes": 1136656384
  }
}