{
  "meta": {
    "device": "cuda",
    "dtype": "float16",
    "torch_version": "2.9.1+cu128",
    "cuda": "12.8",
    "gpu_name": "NVIDIA GeForce RTX 5070 Ti Laptop GPU",
    "time_unix": 1766985191.1151004
  },
  "params": {
    "batch_size": 4,
    "prompt_len": 1024,
    "max_new_tokens": 128,
    "kv_cache": true,
    "prefix_source": "random",
    "n_layer": 12,
    "n_head": 12,
    "n_embd": 768,
    "vocab_size": 50304
  },
  "metrics": {
    "prefill_ms": 23.614208221435547,
    "prefill_ms_per_tok": 0.02306075021624565,
    "decode_total_ms": 842.8527018229166,
    "decode_ms_per_tok": 6.584786732991536,
    "decode_tok_s": 151.9357194063099,
    "peak_alloc_bytes": 2169813504,
    "peak_reserved_bytes": 2925527040
  }
}