{
  "meta": {
    "device": "cuda",
    "dtype": "float16",
    "torch_version": "2.9.1+cu128",
    "cuda": "12.8",
    "gpu_name": "NVIDIA GeForce RTX 5070 Ti Laptop GPU",
    "time_unix": 1766985052.037999
  },
  "params": {
    "batch_size": 4,
    "prompt_len": 1024,
    "max_new_tokens": 128,
    "kv_cache": false,
    "prefix_source": "random",
    "n_layer": 12,
    "n_head": 12,
    "n_embd": 768,
    "vocab_size": 50304
  },
  "metrics": {
    "prefill_ms": 26.732459386189777,
    "prefill_ms_per_tok": 0.026105917369325955,
    "decode_total_ms": 3581.3699544270835,
    "decode_ms_per_tok": 27.97945276896159,
    "decode_tok_s": 35.74192053678278,
    "peak_alloc_bytes": 2169813504,
    "peak_reserved_bytes": 2348810240
  }
}