{
  "meta": {
    "device": "cuda",
    "dtype": "float16",
    "torch_version": "2.9.1+cu128",
    "cuda": "12.8",
    "gpu_name": "NVIDIA GeForce RTX 5070 Ti Laptop GPU",
    "time_unix": 1766985162.2987309
  },
  "params": {
    "batch_size": 4,
    "prompt_len": 128,
    "max_new_tokens": 128,
    "kv_cache": true,
    "prefix_source": "random",
    "n_layer": 12,
    "n_head": 12,
    "n_embd": 768,
    "vocab_size": 50304
  },
  "metrics": {
    "prefill_ms": 4.820831934611003,
    "prefill_ms_per_tok": 0.03766274948914846,
    "decode_total_ms": 397.21563720703125,
    "decode_ms_per_tok": 3.1032471656799316,
    "decode_tok_s": 322.35386326364556,
    "peak_alloc_bytes": 945536512,
    "peak_reserved_bytes": 966787072
  }
}