{
  "meta": {
    "device": "cuda",
    "dtype": "float16",
    "torch_version": "2.9.1+cu128",
    "cuda": "12.8",
    "gpu_name": "NVIDIA GeForce RTX 5070 Ti Laptop GPU",
    "time_unix": 1766985000.3569717
  },
  "params": {
    "batch_size": 1,
    "prompt_len": 512,
    "max_new_tokens": 128,
    "kv_cache": false,
    "prefix_source": "random",
    "n_layer": 12,
    "n_head": 12,
    "n_embd": 768,
    "vocab_size": 50304
  },
  "metrics": {
    "prefill_ms": 5.235071976979573,
    "prefill_ms_per_tok": 0.010224749955038229,
    "decode_total_ms": 724.88720703125,
    "decode_ms_per_tok": 5.663181304931641,
    "decode_tok_s": 176.69806930748075,
    "peak_alloc_bytes": 945617408,
    "peak_reserved_bytes": 964689920
  }
}