{
  "meta": {
    "device": "cuda",
    "dtype": "float16",
    "torch_version": "2.9.1+cu128",
    "cuda": "12.8",
    "gpu_name": "NVIDIA GeForce RTX 5070 Ti Laptop GPU",
    "time_unix": 1766984984.409281
  },
  "params": {
    "batch_size": 1,
    "prompt_len": 128,
    "max_new_tokens": 128,
    "kv_cache": false,
    "prefix_source": "random",
    "n_layer": 12,
    "n_head": 12,
    "n_embd": 768,
    "vocab_size": 50304
  },
  "metrics": {
    "prefill_ms": 5.006954669952393,
    "prefill_ms_per_tok": 0.03911683335900307,
    "decode_total_ms": 477.22168986002606,
    "decode_ms_per_tok": 3.7282944520314536,
    "decode_tok_s": 268.3034121490792,
    "peak_alloc_bytes": 809522688,
    "peak_reserved_bytes": 847249408
  }
}