{
  "meta": {
    "device": "cuda",
    "dtype": "float16",
    "torch_version": "2.9.1+cu128",
    "cuda": "12.8",
    "gpu_name": "NVIDIA GeForce RTX 5070 Ti Laptop GPU",
    "time_unix": 1766985063.2327268
  },
  "params": {
    "batch_size": 1,
    "prompt_len": 2048,
    "max_new_tokens": 128,
    "kv_cache": false,
    "prefix_source": "random",
    "n_layer": 12,
    "n_head": 12,
    "n_embd": 768,
    "vocab_size": 50304
  },
  "metrics": {
    "prefill_ms": 16.822197596232098,
    "prefill_ms_per_tok": 0.008213963670035204,
    "decode_total_ms": 2135.5625813802085,
    "decode_ms_per_tok": 16.68408266703288,
    "decode_tok_s": 59.94608532385593,
    "peak_alloc_bytes": 1481345536,
    "peak_reserved_bytes": 1600126976
  }
}