{
  "meta": {
    "device": "cuda",
    "dtype": "float16",
    "torch_version": "2.9.1+cu128",
    "cuda": "12.8",
    "gpu_name": "NVIDIA GeForce RTX 5070 Ti Laptop GPU",
    "time_unix": 1766985202.5734546
  },
  "params": {
    "batch_size": 2,
    "prompt_len": 2048,
    "max_new_tokens": 128,
    "kv_cache": true,
    "prefix_source": "random",
    "n_layer": 12,
    "n_head": 12,
    "n_embd": 768,
    "vocab_size": 50304
  },
  "metrics": {
    "prefill_ms": 26.71289571126302,
    "prefill_ms_per_tok": 0.013043406109015146,
    "decode_total_ms": 867.231689453125,
    "decode_ms_per_tok": 6.775247573852539,
    "decode_tok_s": 147.64133803876595,
    "peak_alloc_bytes": 2176951296,
    "peak_reserved_bytes": 2925527040
  }
}