{
  "meta": {
    "device": "cuda",
    "dtype": "float16",
    "torch_version": "2.9.1+cu128",
    "cuda": "12.8",
    "gpu_name": "NVIDIA GeForce RTX 5070 Ti Laptop GPU",
    "time_unix": 1766985196.4058836
  },
  "params": {
    "batch_size": 1,
    "prompt_len": 2048,
    "max_new_tokens": 128,
    "kv_cache": true,
    "prefix_source": "random",
    "n_layer": 12,
    "n_head": 12,
    "n_embd": 768,
    "vocab_size": 50304
  },
  "metrics": {
    "prefill_ms": 13.622975985209147,
    "prefill_ms_per_tok": 0.006651843742777904,
    "decode_total_ms": 624.4746500651041,
    "decode_ms_per_tok": 4.878708203633626,
    "decode_tok_s": 204.99170347566067,
    "peak_alloc_bytes": 1481345536,
    "peak_reserved_bytes": 1600126976
  }
}