{
  "meta": {
    "device": "cuda",
    "dtype": "float16",
    "torch_version": "2.9.1+cu128",
    "cuda": "12.8",
    "gpu_name": "NVIDIA GeForce RTX 5070 Ti Laptop GPU",
    "time_unix": 1766985007.3176963
  },
  "params": {
    "batch_size": 2,
    "prompt_len": 512,
    "max_new_tokens": 128,
    "kv_cache": false,
    "prefix_source": "random",
    "n_layer": 12,
    "n_head": 12,
    "n_embd": 768,
    "vocab_size": 50304
  },
  "metrics": {
    "prefill_ms": 8.019647916158041,
    "prefill_ms_per_tok": 0.015663374836246174,
    "decode_total_ms": 1098.0535481770833,
    "decode_ms_per_tok": 8.578543345133463,
    "decode_tok_s": 116.57648907011037,
    "peak_alloc_bytes": 1124774912,
    "peak_reserved_bytes": 1136656384
  }
}