{
  "meta": {
    "device": "cuda",
    "dtype": "float16",
    "torch_version": "2.9.1+cu128",
    "cuda": "12.8",
    "gpu_name": "NVIDIA GeForce RTX 5070 Ti Laptop GPU",
    "time_unix": 1766985184.9998748
  },
  "params": {
    "batch_size": 2,
    "prompt_len": 1024,
    "max_new_tokens": 128,
    "kv_cache": true,
    "prefix_source": "random",
    "n_layer": 12,
    "n_head": 12,
    "n_embd": 768,
    "vocab_size": 50304
  },
  "metrics": {
    "prefill_ms": 12.841781298319498,
    "prefill_ms_per_tok": 0.012540802049140135,
    "decode_total_ms": 582.7035522460938,
    "decode_ms_per_tok": 4.552371501922607,
    "decode_tok_s": 220.0079592458171,
    "peak_alloc_bytes": 1473709056,
    "peak_reserved_bytes": 1600126976
  }
}