{
  "meta": {
    "device": "cuda",
    "dtype": "float16",
    "torch_version": "2.9.1+cu128",
    "cuda": "12.8",
    "gpu_name": "NVIDIA GeForce RTX 5070 Ti Laptop GPU",
    "time_unix": 1766985175.612549
  },
  "params": {
    "batch_size": 4,
    "prompt_len": 512,
    "max_new_tokens": 128,
    "kv_cache": true,
    "prefix_source": "random",
    "n_layer": 12,
    "n_head": 12,
    "n_embd": 768,
    "vocab_size": 50304
  },
  "metrics": {
    "prefill_ms": 11.27786668141683,
    "prefill_ms_per_tok": 0.022027083362142246,
    "decode_total_ms": 555.1461181640625,
    "decode_ms_per_tok": 4.337079048156738,
    "decode_tok_s": 230.85500070118715,
    "peak_alloc_bytes": 1471949312,
    "peak_reserved_bytes": 1598029824
  }
}