{
  "meta": {
    "device": "cuda",
    "dtype": "float16",
    "torch_version": "2.9.1+cu128",
    "cuda": "12.8",
    "gpu_name": "NVIDIA GeForce RTX 5070 Ti Laptop GPU",
    "time_unix": 1766984989.2162907
  },
  "params": {
    "batch_size": 2,
    "prompt_len": 128,
    "max_new_tokens": 128,
    "kv_cache": false,
    "prefix_source": "random",
    "n_layer": 12,
    "n_head": 12,
    "n_embd": 768,
    "vocab_size": 50304
  },
  "metrics": {
    "prefill_ms": 4.7185492515563965,
    "prefill_ms_per_tok": 0.03686366602778435,
    "decode_total_ms": 573.0171712239584,
    "decode_ms_per_tok": 4.476696650187175,
    "decode_tok_s": 223.87658645516947,
    "peak_alloc_bytes": 859273216,
    "peak_reserved_bytes": 880803840
  }
}