{
  "meta": {
    "device": "cuda",
    "dtype": "float16",
    "torch_version": "2.9.1+cu128",
    "cuda": "12.8",
    "gpu_name": "NVIDIA GeForce RTX 5070 Ti Laptop GPU",
    "time_unix": 1766984994.9603188
  },
  "params": {
    "batch_size": 4,
    "prompt_len": 128,
    "max_new_tokens": 128,
    "kv_cache": false,
    "prefix_source": "random",
    "n_layer": 12,
    "n_head": 12,
    "n_embd": 768,
    "vocab_size": 50304
  },
  "metrics": {
    "prefill_ms": 5.701365311940511,
    "prefill_ms_per_tok": 0.04454191649953524,
    "decode_total_ms": 811.6618855794271,
    "decode_ms_per_tok": 6.341108481089274,
    "decode_tok_s": 157.70177430732983,
    "peak_alloc_bytes": 945536512,
    "peak_reserved_bytes": 966787072
  }
}