{
  "meta": {
    "device": "cuda",
    "dtype": "float16",
    "torch_version": "2.9.1+cu128",
    "cuda": "12.8",
    "gpu_name": "NVIDIA GeForce RTX 5070 Ti Laptop GPU",
    "time_unix": 1766985166.389006
  },
  "params": {
    "batch_size": 1,
    "prompt_len": 512,
    "max_new_tokens": 128,
    "kv_cache": true,
    "prefix_source": "random",
    "n_layer": 12,
    "n_head": 12,
    "n_embd": 768,
    "vocab_size": 50304
  },
  "metrics": {
    "prefill_ms": 5.0262400309244795,
    "prefill_ms_per_tok": 0.009816875060399374,
    "decode_total_ms": 366.19493611653644,
    "decode_ms_per_tok": 2.860897938410441,
    "decode_tok_s": 349.5459008228843,
    "peak_alloc_bytes": 945617408,
    "peak_reserved_bytes": 964689920
  }
}